{
    "test_tech": {
        "rp@1": 0.3431952662721893,
        "rp@5": 0.5199211045364891,
        "rp@10": 0.6145134779750165,
        "mrr": 0.48457040550909686,
        "mAP": 0.40207165736494743
    },
    "test_house": {
        "rp@1": 0.2480916030534351,
        "rp@5": 0.42353689567430025,
        "rp@10": 0.5357612383375743,
        "mrr": 0.3915438492661276,
        "mAP": 0.29297911591305015
    },
    "test_techwolf": {
        "rp@1": 0.3128834355828221,
        "rp@5": 0.4587423312883436,
        "rp@10": 0.5454572012854222,
        "mrr": 0.4412848081784778,
        "mAP": 0.3682772958388299
    }
}