{
    "test_tech": {
        "rp@1": 0.34615384615384615,
        "rp@5": 0.4810157790927022,
        "rp@10": 0.5906147271531886,
        "mrr": 0.4682784040059371,
        "mAP": 0.38710405771688955
    },
    "test_house": {
        "rp@1": 0.23282442748091603,
        "rp@5": 0.37169211195928753,
        "rp@10": 0.4738019508057676,
        "mrr": 0.3646118970568691,
        "mAP": 0.2689204195993453
    },
    "test_techwolf": {
        "rp@1": 0.3006134969325153,
        "rp@5": 0.44959100204498975,
        "rp@10": 0.5209428863569968,
        "mrr": 0.42087315739755177,
        "mAP": 0.3509203009290755
    }
}