{
    "test_tech": {
        "rp@1": 0.3698224852071006,
        "rp@5": 0.4880177514792899,
        "rp@10": 0.6011341222879684,
        "mrr": 0.4832659807167724,
        "mAP": 0.4030790505474134
    },
    "test_house": {
        "rp@1": 0.2900763358778626,
        "rp@5": 0.4080152671755725,
        "rp@10": 0.5035093299406277,
        "mrr": 0.4113373587726957,
        "mAP": 0.30692684437855755
    },
    "test_techwolf": {
        "rp@1": 0.3343558282208589,
        "rp@5": 0.5123721881390594,
        "rp@10": 0.5958150744960561,
        "mrr": 0.46500303943833404,
        "mAP": 0.37894694975256715
    }
}