{
    "test_tech": {
        "rp@1": 0.39349112426035504,
        "rp@5": 0.5462031558185405,
        "rp@10": 0.6623767258382642,
        "mrr": 0.528453516775406,
        "mAP": 0.44295409289720644
    },
    "test_house": {
        "rp@1": 0.27099236641221375,
        "rp@5": 0.457442748091603,
        "rp@10": 0.5594783715012722,
        "mrr": 0.42752267955046674,
        "mAP": 0.32956149368424387
    },
    "test_techwolf": {
        "rp@1": 0.3803680981595092,
        "rp@5": 0.5456543967280163,
        "rp@10": 0.6254893368390301,
        "mrr": 0.5255178075318186,
        "mAP": 0.4339605333072694
    }
}